usFirstName,usLastName,usStreetNumber,usStreetName,usCity,usState,usZip,usPhone,usSSN
Allyson,Nolan,1443,Ne Liberty Ave,Vernon,CA,87544,467-605-2497,109-00-6630
Rico,Webster,1488,N Summit St,Grass Valley,FL,32459,692-050-7732,176-32-0006
Fabian,Rankin,1787,Sanford Rd,Grass Valley,OR,97030,287-533-1672,897-80-4774
Cleo,Hong,69,Timberland Drive,Los Alamos,CA,87544,314-337-2953,117-67-5340
Tammy,Gordon,14816,Timberland Drive,Burlington,NC,27207,654-185-2332,531-61-8988
Korey,Waldron,10081,Madison St,Pittsboro,CA,27312,238-912-1948,073-05-1476
Monica,Bonds,703,Laurel Hil Dr,Defuniak Springs,NC,32433,527-684-1985,158-28-4360
Shannon,Moses,103,N Goodman St,Burlington,NM,87544,901-074-3721,328-41-2621
Opal,Waite,3329,Relief Hill Road,Los Alamos,NC,97080,860-932-9996,404-36-1089
Teresita,Forrest,1521,Sioux,Grass Valley,NC,87544,647-509-1780,149-38-3005
Owen,Mayo,808,Hidden Rock Drive,Moncure,CA,97030,381-830-3593,356-09-4111
Roderick,Pressley,1176,W Co Highway 30A,Pittsboro,NC,87544,520-176-4706,031-22-4844
Alfredo,Urban,1335,Antioch Cemetery Rd,Los Alamos,OH,43604,882-658-0564,540-12-7779
Dina,Cassidy,10196,Elm St,Gresham,NM,32435,871-210-1511,203-03-6195
Mac,Oneill,1331,S Charles St,Gresham,FL,14611,289-143-7433,422-95-6476
Luke,Mayberry,75,Plaza Dr,Toledo,OH,32459,775-979-3003,475-75-0999
Leeann,Garza,10261,Pete Roberson Rd,Siler City,NM,87544,851-395-4883,027-22-1510
Bettye,Champion,14812,Timberland Drive,Los Alamos,CA,27215,249-613-3930,879-40-5491
Nichole,Stratton,219,Sunward Way,Portland,NC,87544,104-445-9544,816-81-5186
Emanuel,Dejesus,631,Madison St,Inlet Beach,NM,27516,757-196-3119,542-58-4878
Korey,Clemons,10198,Plaza Dr,Portland,NC,43604,980-226-8029,710-66-9690
Elisha,Brewer,116,Gibsonville Ossipee Rd,Toledo,NC,87544,803-663-2802,642-44-4222
Norma,Poirier,10147,Hidden Rock Drive,Chapel Hill,OR,43604,033-682-8636,298-18-3351
Rory,Ledbetter,1111,N Summit St,Defuniak Springs,CA,27207,407-571-6357,244-76-4671
Sierra,Fitch,185,Tesuque,Grass Valley,CA,97030,297-298-5071,333-63-2225
Erin,Herman,2415,Se Clinton St,Grass Valley,OR,27215,064-765-4661,728-13-6529
Art,Grier,1001,Old Sanford Rd,Los Alamos,OH,95949,779-594-0794,432-23-2217
Addie,Hadley,152,Peach Tree St,Chapel Hill,OH,27215,855-736-1533,182-36-6441
Jack,Gaston,412,45Th St,Grass Valley,FL,43604,126-361-1405,396-09-0566
Lesley,Andersen,10315,Barranca Rd,Defuniak Springs,OR,97080,978-075-0109,037-31-3017
Randall,Hodges,133,Old Us 421  S,Los Alamos,OH,32459,441-573-0993,042-26-4174
Dewayne,Phelps,305,N Superior St,Los Alamos,CA,43604,661-572-5619,067-98-3705
Hai,Ritter,10,Sykes St,Laurel Hill,FL,95949,454-130-1350,061-76-0275
Shana,Goldsmith,32,Water St,Chapel Hill,NC,14621,549-339-9181,075-81-6216
Amos,Gunter,111,Trail Five,Burlington,CA,43604,186-436-9471,304-55-1675
Marjorie,Libby,116,Timberland Drive,Grass Valley,OH,87544,434-705-4696,051-63-9683
Marco,Dowdy,63,Ne Liberty Ave,Rochester,OH,87544,673-368-3439,823-49-7666
Sammie,Crump,1445,N Summit St,Toledo,OR,27302,629-657-3103,614-12-8609
Derrick,Downs,210,Scenic Gulf Dr,Moncure,NC,32435,635-493-0098,362-93-8494
Earnestine,Linn,1230,Exchange Ln,Grass Valley,FL,32567,562-526-1293,681-62-3484
Carol,Mayer,1119,Siler City Glendon Rd,Bear Creek,NC,32459,106-532-8327,486-28-8449
Al,Rector,95,Dead River Rd,Gresham,FL,43604,712-098-2914,396-11-8016
Lynwood,Burch,763,Se Hacienda Ave,Burlington,NC,27517,330-794-1980,861-39-7422
Rosario,Alexander,10310,Us Highway 331  S,Toledo,OH,97030,304-828-1349,008-89-8020
Blanche,Huerta,31004,Sw Brugger St,Toledo,CA,87544,123-079-8185,075-95-3505
Marion,Leblanc,120,Joe Brown Rd,Siler City,OR,27519,279-634-6232,165-94-3759
Natasha,Lovell,80,N Summit St,Grass Valley,FL,32439,172-287-4739,744-39-5582
Arline,Dillard,1002,Gees Grove Rd,Los Alamos,OH,87544,301-848-9869,722-98-9126
Kristin,Handy,2708,N Superior St,Toledo,CA,27517,635-814-5751,067-49-7719
Garrett,Crandall,2884,J W Hollington Rd,Mebane,OH,27215,402-196-6898,000-50-1821
Roxie,Rainey,124,Camino Cereza,Toledo,CA,32433,629-091-8207,831-86-3172
Marcia,Leach,0,N Gurney St,Burlington,NY,14621,007-580-0648,771-21-4390
Sheree,Garza,34,Gees Grove Rd,Grass Valley,NC,43604,914-473-7039,310-79-8114
Abdul,Rhoades,1420,S St Clair St,Toledo,NC,87544,289-646-3511,809-59-4248
Ines,Dick,10210,Se Alder Ct,Pittsboro,FL,27344,647-626-4231,201-53-0594
Hai,Mooney,629,Ne Vista Way,Gresham,OR,32435,471-449-4963,875-06-8024
Tamika,Ware,702,Beach Av,Los Alamos,CA,87544,659-448-6707,605-33-8259
Lemuel,Dobbs,35,Adams Ranch Rd,Chapel Hill,NC,32435,805-395-9887,670-13-5373
Steven,Quintana,14,Joe Brown Rd,Santa Rosa Beach,NM,27302,284-268-7917,360-38-1523
Nestor,Hendrickson,31004,Sawmill Loop,Grass Valley,OR,32439,407-632-0594,232-75-4429
Lynette,Key,1874,Trout Cir,Siler City,CA,43602,658-955-5563,751-36-9378
Titus,Parrish,145,Hidden Rock Drive,Los Alamos,CA,87544,288-133-2030,416-30-0589
Donn,Lawson,10046,Woodleaf Circle,Rochester,NM,97080,252-328-4631,882-96-4499
Lyle,Dowling,19074,Se Alder Ct,Los Alamos,NY,14612,480-696-4296,328-20-0232
Willard,Tobin,314,State Highway 20  E,Alamancecounty,OH,95949,298-635-8610,439-22-8623
Dannie,Correa,322,Ne 16Th St,Gresham,CA,95949,446-555-2160,707-67-9662
Leonardo,Nunez,2134,Golden Shore Drive,Los Alamos,OR,14612,462-595-5132,200-70-7552
Anthony,Winn,335,Ne 16Th Way,Pittsboro,NC,27302,307-690-4535,070-39-3410
Polly,Ragsdale,14872,N Superior St,Grass Valley,NC,27215,844-730-7784,061-25-1905
Rachel,Cho,25,Sawmill Loop,Moncure,NC,95949,249-353-4769,663-51-5826
Lyndon,Elliot,60,Sw Idaho St,Grass Valley,OH,95949,475-105-1198,629-91-9234
Debbie,Gore,107,W Water St,Grass Valley,NC,27516,462-920-4295,531-98-9278
Mia,Bentley,1425,Se Clinton St,Siler City,NC,95949,151-856-5752,673-78-2319
Esmeralda,Hickman,232,Timberland Drive,Rochester,CA,27215,112-653-1828,753-44-7021
Marianna,Wetzel,14812,Woodleaf Circle,Gresham,OH,14612,536-937-3872,058-60-5452
Weston,Hood,10163,Timberland Drive,Grass Valley,FL,43604,260-119-8854,284-22-8088
Lucile,Handy,10184,Sioux,Toledo,NY,87544,773-495-3213,228-96-2015
Donn,Bragg,1448,Plaza Dr,Los Alamos,OH,27559,720-290-3752,406-66-6981
Lois,Tomlinson,823,Sandy Creek Dr,Rochester,NM,43604,912-992-4208,408-51-3274
Johnnie,Borden,1330,N Summit St,Goldston,FL,32455,699-064-2359,762-51-2153
Brain,Winkler,148,Hidden Rock Drive,Los Alamos,OH,27344,023-282-8911,872-43-8536
Shawn,Vance,11474,Chestnut St,Los Alamos,NC,43604,024-954-4417,111-70-6336
Roman,Lord,21420,Lamont Norwood Rd,Grass Valley,NM,95949,349-168-3573,734-67-8167
Toney,Huston,905,Relief Hill Road,Freeport,NC,14621,743-361-5806,455-32-1099
Bret,Dill,1500,Ne 16Th Way,Grass Valley,CA,32459,238-611-0686,584-99-6777
Tabitha,Petty,1872,E Kingston Rd,Burlington,NC,95959,489-360-0041,423-44-8091
Chong,Pace,232,Ventnor Pl,Siler City,CA,87544,243-178-6796,099-34-9647
Josephine,Hairston,235,N Co Highway 395,Toledo,NC,27559,157-784-5806,035-01-1874
Meagan,Hutchison,1645,N Summit St,Burlington,NC,97080,241-528-3358,865-01-9187
Zachery,Rector,14340,N Summit St,Burlington,NC,87544,133-907-9484,834-24-2935
Sherman,Alley,835,Timberland Drive,Grass Valley,OH,43604,038-788-5565,208-97-9130
Wilda,Keene,21,Midland Av,Los Alamos,NC,43604,531-619-8698,864-74-0551
Emile,Manley,67,World Trade Center,Chapel Hill,NC,32459,291-327-4507,221-05-7183
Mario,Gamble,10035,Hub Presley Rd,Grass Valley,OR,87544,432-578-6092,635-53-6110
Adrienne,Burroughs,1872,Timberland Drive,Grass Valley,FL,27215,639-692-3612,383-45-7996
Toney,Dobson,10070,Plaza Dr,Grass Valley,OR,97030,104-069-9828,411-17-9871
Sally,Hawk,83,La Senda Rd,Pittsboro,OR,87544,111-459-3610,488-58-5435
Ervin,Pelletier,10197,Fairway Dr,Grass Valley,NC,32433,429-155-9232,816-49-2605
Mamie,Peters,1417,Us Highway 90  W,Los Alamos,CA,95949,913-289-7083,319-91-0968
Anastasia,Macdonald,10270,N Summit St,Portland,NY,87544,127-412-2760,895-52-3689